User_ID,Experiment_ID,Variant,Experiment_Date,Device,Country,Sessions,Exposures,Conversion,Revenue
10001,EXP102,Control,2026-02-23,Mobile,UK,5.0,1,0,0.0
10002,EXP102,Treatment,2026-01-18,Mobile,India,4.0,1,0,0.0
10003,EXP101,Treatment,2026-01-17,Mobile,India,5.0,4,0,0.0
10004,EXP102,Treatment,2026-01-30,Mobile,India,2.0,2,0,0.0
10005,EXP101,Control,2026-02-08,Mobile,India,7.0,2,0,0.0
10006,EXP102,Control,2026-01-13,Unknown,UK,6.0,3,0,0.0
10007,EXP102,Control,2026-02-01,Mobile,USA,4.0,4,0,0.0
10008,EXP102,Treatment,2026-02-19,Mobile,India,3.0,4,0,0.0
10009,EXP101,Treatment,2026-01-29,Mobile,India,4.0,2,0,0.0
10010,EXP101,Treatment,2026-02-15,Desktop,Canada,7.0,2,1,531.07
10011,EXP101,Control,2026-01-30,Mobile,India,3.0,4,0,0.0
10012,EXP101,Treatment,2026-01-18,Desktop,India,7.0,1,0,0.0
10013,EXP101,Treatment,2026-01-13,Desktop,India,3.0,4,0,0.0
10014,EXP102,Control,2026-02-12,Mobile,UK,4.0,4,0,0.0
10015,EXP101,Control,2026-01-21,Desktop,USA,3.0,2,0,0.0
10016,EXP101,Control,2026-01-30,Tablet,India,3.0,2,0,0.0
10017,EXP101,Control,2026-01-21,Mobile,India,2.0,1,0,0.0
10018,EXP101,Treatment,2026-02-17,Mobile,USA,5.0,1,0,0.0
10019,EXP102,Control,2026-02-24,Desktop,USA,5.0,3,0,0.0
10020,EXP101,Control,2026-01-17,Desktop,India,6.0,4,0,0.0
10021,EXP102,Treatment,2026-02-09,Mobile,Unknown,6.0,2,0,0.0
10022,EXP102,Control,2026-01-19,Mobile,India,2.0,1,0,0.0
10023,EXP102,Control,2026-02-21,Mobile,India,6.0,3,0,0.0
10024,EXP101,Control,2026-01-15,Mobile,Canada,7.0,3,1,1236.58
10025,EXP102,Control,2026-01-09,Desktop,India,4.0,2,0,0.0
10026,EXP101,Treatment,2026-02-21,Mobile,USA,1.0,2,0,0.0
10027,EXP101,Control,2026-01-10,Mobile,India,7.0,3,0,0.0
10028,EXP101,Treatment,2026-02-13,Desktop,India,1.0,1,0,0.0
10029,EXP101,Treatment,2026-01-31,Mobile,Canada,1.0,3,0,0.0
10030,EXP101,Control,2026-02-22,Mobile,India,2.0,4,0,0.0
10031,EXP102,Treatment,2026-01-23,Desktop,UK,4.0,4,0,0.0
10032,EXP102,Control,2026-02-21,Desktop,India,2.0,2,0,0.0
10033,EXP101,Control,2026-01-30,Mobile,India,3.0,1,0,0.0
10034,EXP102,Treatment,2026-02-02,Mobile,India,1.0,1,0,0.0
10035,EXP101,Treatment,2026-02-26,Mobile,USA,4.0,4,0,0.0
10036,EXP102,Treatment,2026-02-21,Mobile,India,6.0,3,0,0.0
10037,EXP102,Control,2026-01-09,Mobile,UK,4.0,2,1,1976.29
10038,EXP102,Control,2026-02-23,Mobile,India,6.0,3,1,1637.97
10039,EXP102,Treatment,2026-02-16,Mobile,Canada,1.0,3,0,0.0
10040,EXP102,Control,2026-01-01,Mobile,India,1.0,3,0,0.0
10041,EXP101,Control,2026-02-13,Mobile,UK,1.0,1,0,0.0
10042,EXP101,Control,2026-02-04,Mobile,UK,2.0,4,0,0.0
10043,EXP102,Control,2026-01-11,Mobile,UK,7.0,1,0,0.0
10044,EXP101,Treatment,2026-02-03,Mobile,UK,6.0,4,0,0.0
10045,EXP102,Control,2026-01-16,Mobile,UK,7.0,2,0,0.0
10046,EXP101,Treatment,2026-01-09,Desktop,USA,2.0,2,0,0.0
10047,EXP102,Control,2026-02-01,Mobile,India,2.0,3,0,0.0
10048,EXP102,Treatment,2026-01-15,Desktop,India,5.0,4,0,0.0
10049,EXP102,Treatment,2026-01-12,Desktop,Canada,4.0,4,1,1900.64
10050,EXP101,Control,2026-02-02,Mobile,USA,4.0,4,0,0.0
10051,EXP101,Treatment,2026-02-14,Mobile,UK,3.0,3,0,0.0
10052,EXP102,Treatment,2026-01-14,Mobile,India,2.0,3,1,1345.49
10053,EXP102,Treatment,2026-02-26,Mobile,India,6.0,2,0,0.0
10054,EXP101,Treatment,2026-02-26,Desktop,India,5.0,1,0,0.0
10055,EXP101,Treatment,2026-01-08,Mobile,USA,5.0,4,0,0.0
10056,EXP101,Treatment,2026-01-08,Mobile,India,7.0,4,0,0.0
10057,EXP101,Control,2026-01-27,Mobile,India,4.0,1,0,0.0
10058,EXP101,Control,2026-01-12,Mobile,India,2.0,4,0,0.0
10059,EXP102,Control,2026-01-01,Desktop,India,3.0,3,1,2079.68
10060,EXP101,Control,2026-02-12,Mobile,USA,2.0,3,0,0.0
10061,EXP102,Control,2026-02-09,Mobile,India,7.0,4,0,0.0
10062,EXP102,Control,2026-02-11,Tablet,UK,1.0,3,0,0.0
10063,EXP101,Treatment,2026-02-20,Desktop,India,2.0,3,0,0.0
10064,EXP101,Control,2026-01-11,Mobile,India,7.0,4,0,0.0
10065,EXP102,Control,2026-02-08,Mobile,India,1.0,2,0,0.0
10066,EXP101,Treatment,2026-02-12,Mobile,India,1.0,1,0,0.0
10067,EXP102,Control,2026-01-31,Mobile,India,3.0,3,0,0.0
10068,EXP101,Treatment,2026-01-17,Mobile,India,6.0,2,1,1704.19
10069,EXP101,Control,2026-02-02,Mobile,USA,4.0,3,0,0.0
10070,EXP101,Treatment,2026-02-01,Mobile,India,2.0,3,0,0.0
10071,EXP102,Treatment,2026-02-27,Mobile,USA,1.0,1,0,0.0
10072,EXP101,Control,2026-01-29,Desktop,UK,2.0,3,1,267.86
10073,EXP102,Control,2026-01-21,Mobile,UK,6.0,1,0,0.0
10074,EXP101,Treatment,2026-01-21,Mobile,India,4.0,1,1,236.37
10075,EXP102,Treatment,2026-02-09,Mobile,India,6.0,1,0,0.0
10076,EXP101,Treatment,2026-01-23,Tablet,India,4.0,2,0,0.0
10077,EXP102,Treatment,2026-02-25,Mobile,India,5.0,4,0,0.0
10078,EXP102,Control,2026-01-06,Mobile,Canada,4.0,2,0,0.0
10079,EXP102,Control,2026-01-22,Tablet,India,3.0,4,0,0.0
10080,EXP102,Control,2026-02-19,Desktop,India,6.0,4,0,0.0
10081,EXP102,Treatment,2026-02-07,Desktop,USA,1.0,1,0,0.0
10082,EXP102,Treatment,2026-02-06,Mobile,USA,5.0,3,0,0.0
10083,EXP101,Control,2026-02-14,Mobile,USA,3.0,1,1,965.98
10084,EXP102,Control,2026-02-20,Desktop,India,2.0,3,0,0.0
10085,EXP102,Control,2026-02-23,Tablet,India,6.0,4,1,1081.55
10086,EXP102,Control,2026-01-08,Mobile,India,7.0,1,0,0.0
10087,EXP101,Treatment,2026-02-10,Mobile,India,7.0,3,0,0.0
10088,EXP101,Treatment,2026-02-18,Mobile,India,1.0,2,0,0.0
10089,EXP101,Treatment,2026-02-04,Desktop,India,4.0,3,0,0.0
10090,EXP102,Control,2026-02-20,Mobile,India,1.0,1,0,0.0
10091,EXP101,Control,2026-01-11,Mobile,India,7.0,2,0,0.0
10092,EXP101,Treatment,2026-01-24,Mobile,India,2.0,3,0,0.0
10093,EXP102,Treatment,2026-02-18,Mobile,USA,5.0,3,1,870.44
10094,EXP102,Treatment,2026-01-21,Mobile,USA,5.0,3,0,0.0
10095,EXP101,Treatment,2026-02-20,Mobile,UK,6.0,3,0,0.0
10096,EXP102,Control,2026-01-02,Desktop,India,5.0,3,0,0.0
10097,EXP102,Treatment,2026-02-09,Mobile,India,6.0,2,0,0.0
10098,EXP102,Control,2026-01-19,Mobile,India,6.0,4,0,0.0
10099,EXP102,Control,2026-02-08,Mobile,USA,6.0,2,0,0.0
10100,EXP101,Control,2026-01-28,Mobile,USA,7.0,2,0,0.0
10101,EXP102,Control,2026-02-28,Mobile,India,7.0,2,0,0.0
10102,EXP101,Treatment,2026-01-17,Mobile,Canada,4.0,4,0,0.0
10103,EXP101,Control,2026-01-06,Mobile,India,3.0,1,0,0.0
10104,EXP101,Treatment,2026-01-19,Mobile,India,6.0,4,0,0.0
10105,EXP101,Treatment,2026-02-25,Mobile,USA,6.0,2,0,0.0
10106,EXP102,Control,2026-02-07,Tablet,UK,3.0,3,0,0.0
10107,EXP102,Control,2026-01-28,Mobile,USA,1.0,3,0,0.0
10108,EXP102,Treatment,2026-01-02,Desktop,UK,6.0,2,0,0.0
10109,EXP101,Control,2026-02-07,Mobile,India,4.0,3,0,0.0
10110,EXP101,Control,2026-02-24,Desktop,UK,5.0,2,0,0.0
10111,EXP101,Control,2026-02-06,Desktop,India,5.0,3,0,0.0
10112,EXP102,Control,2026-02-20,Mobile,UK,2.0,4,0,0.0
10113,EXP101,Treatment,2026-02-21,Mobile,India,2.0,1,0,0.0
10114,EXP102,Treatment,2026-01-04,Mobile,UK,5.0,1,0,0.0
10115,EXP102,Treatment,2026-01-22,Mobile,India,5.0,4,0,0.0
10116,EXP102,Treatment,2026-01-26,Tablet,USA,7.0,4,0,0.0
10117,EXP102,Treatment,2026-02-18,Desktop,India,4.0,2,0,0.0
10118,EXP101,Control,2026-02-12,Tablet,USA,3.0,2,0,0.0
10119,EXP102,Treatment,2026-02-05,Mobile,India,2.0,2,0,0.0
10120,EXP101,Treatment,2026-02-27,Desktop,India,7.0,3,0,0.0
10121,EXP102,Treatment,2026-01-13,Tablet,India,7.0,2,0,0.0
10122,EXP101,Treatment,2026-02-21,Mobile,India,3.0,4,0,0.0
10123,EXP101,Control,2026-02-27,Mobile,UK,7.0,1,0,0.0
10124,EXP102,Control,2026-02-01,Desktop,India,4.0,3,0,0.0
10125,EXP102,Control,2026-01-17,Mobile,Canada,5.0,2,0,0.0
10126,EXP102,Control,2026-02-10,Desktop,India,6.0,3,0,0.0
10127,EXP101,Treatment,2026-02-05,Mobile,India,3.0,3,0,0.0
10128,EXP102,Treatment,2026-02-24,Desktop,UK,5.0,2,0,0.0
10129,EXP102,Control,2026-03-01,Mobile,USA,5.0,3,0,0.0
10130,EXP101,Treatment,2026-02-15,Mobile,India,1.0,1,0,0.0
10131,EXP102,Control,2026-01-19,Mobile,USA,3.0,4,0,0.0
10132,EXP101,Control,2026-02-27,Desktop,USA,7.0,4,0,0.0
10133,EXP102,Control,2026-03-01,Desktop,India,6.0,1,0,0.0
10134,EXP101,Control,2026-02-04,Mobile,Canada,3.0,3,0,0.0
10135,EXP101,Treatment,2026-02-15,Mobile,Canada,7.0,2,0,0.0
10136,EXP102,Control,2026-02-09,Desktop,USA,5.0,3,0,0.0
10137,EXP101,Treatment,2026-02-25,Mobile,India,6.0,1,0,0.0
10138,EXP102,Treatment,2026-02-28,Desktop,USA,7.0,3,0,0.0
10139,EXP102,Control,2026-01-28,Mobile,India,4.0,4,0,0.0
10140,EXP101,Treatment,2026-01-01,Mobile,India,7.0,3,0,0.0
10141,EXP102,Treatment,2026-02-11,Mobile,India,1.0,1,0,0.0
10142,EXP101,Control,2026-01-18,Mobile,India,5.0,4,0,0.0
10143,EXP101,Control,2026-02-17,Desktop,UK,7.0,3,0,0.0
10144,EXP101,Control,2026-02-09,Mobile,USA,2.0,3,0,0.0
10145,EXP101,Control,2026-02-02,Mobile,USA,2.0,4,0,0.0
10146,EXP101,Control,2026-01-12,Desktop,India,1.0,2,0,0.0
10147,EXP101,Treatment,2026-01-08,Mobile,India,4.0,4,0,0.0
10148,EXP101,Treatment,2026-01-24,Mobile,India,5.0,2,0,0.0
10149,EXP101,Control,2026-01-16,Tablet,Canada,3.0,1,1,1059.1
10150,EXP102,Control,2026-02-19,Desktop,India,1.0,1,0,0.0
10151,EXP102,Treatment,2026-01-04,Mobile,UK,4.0,4,0,0.0
10152,EXP101,Control,2026-02-07,Tablet,USA,3.0,4,0,0.0
10153,EXP102,Control,2026-02-13,Desktop,India,2.0,1,0,0.0
10154,EXP102,Control,2026-01-27,Mobile,USA,2.0,2,0,0.0
10155,EXP102,Treatment,2026-01-09,Mobile,India,3.0,1,0,0.0
10156,EXP102,Control,2026-02-16,Desktop,UK,1.0,4,0,0.0
10157,EXP102,Treatment,2026-01-16,Desktop,Canada,2.0,1,0,0.0
10158,EXP102,Treatment,2026-02-25,Mobile,India,5.0,4,0,0.0
10159,EXP101,Control,2026-01-12,Desktop,India,6.0,4,0,0.0
10160,EXP102,Treatment,2026-01-31,Desktop,USA,7.0,1,0,0.0
10161,EXP102,Control,2026-01-24,Mobile,Canada,3.0,2,0,0.0
10162,EXP102,Treatment,2026-02-24,Mobile,India,3.0,3,0,0.0
10163,EXP102,Treatment,2026-01-14,Mobile,USA,2.0,1,1,230.48
10164,EXP101,Treatment,2026-02-14,Desktop,USA,1.0,3,0,0.0
10165,EXP101,Control,2026-01-25,Mobile,USA,5.0,1,0,0.0
10166,EXP101,Treatment,2026-02-03,Mobile,India,1.0,3,0,0.0
10167,EXP101,Control,2026-01-03,Desktop,USA,4.0,2,1,1860.44
10168,EXP102,Control,2026-02-27,Desktop,Canada,4.0,2,0,0.0
10169,EXP101,Control,2026-01-24,Mobile,India,6.0,1,1,1325.57
10170,EXP101,Treatment,2026-02-23,Desktop,India,2.0,4,0,0.0
10171,EXP101,Treatment,2026-02-11,Mobile,Canada,2.0,3,0,0.0
10172,EXP101,Control,2026-01-09,Desktop,India,2.0,4,0,0.0
10173,EXP102,Treatment,2026-01-26,Mobile,UK,6.0,4,0,0.0
10174,EXP101,Control,2026-01-20,Mobile,India,4.0,4,0,0.0
10175,EXP102,Treatment,2026-02-09,Desktop,India,1.0,2,1,882.61
10176,EXP101,Control,2026-01-10,Mobile,UK,6.0,1,1,1445.15
10177,EXP102,Treatment,2026-01-19,Mobile,India,6.0,1,0,0.0
10178,EXP102,Control,2026-01-03,Desktop,India,1.0,2,0,0.0
10179,EXP101,Treatment,2026-01-24,Desktop,India,2.0,2,1,1884.55
10180,EXP101,Control,2026-01-05,Desktop,USA,5.0,1,0,0.0
10181,EXP101,Control,2026-01-03,Desktop,India,1.0,4,0,0.0
10182,EXP101,Control,2026-02-27,Mobile,India,4.0,3,0,0.0
10183,EXP102,Treatment,2026-01-27,Mobile,Canada,3.0,3,0,0.0
10184,EXP102,Treatment,2026-01-16,Mobile,India,3.0,3,1,472.35
10185,EXP101,Control,2026-02-18,Mobile,USA,7.0,4,0,0.0
10186,EXP101,Treatment,2026-01-15,Tablet,India,7.0,1,0,0.0
10187,EXP102,Treatment,2026-02-04,Mobile,UK,6.0,2,0,0.0
10188,EXP101,Treatment,2026-01-12,Mobile,India,3.0,1,0,0.0
10189,EXP102,Treatment,2026-02-10,Mobile,Canada,5.0,4,1,815.48
10190,EXP101,Control,2026-02-22,Tablet,India,2.0,2,0,0.0
10191,EXP102,Control,2026-02-13,Mobile,India,4.0,4,0,0.0
10192,EXP102,Treatment,2026-01-26,Mobile,India,7.0,3,0,0.0
10193,EXP102,Treatment,2026-02-16,Mobile,India,5.0,3,0,0.0
10194,EXP102,Treatment,2026-02-03,Desktop,India,4.0,4,1,1153.89
10195,EXP102,Control,2026-01-23,Mobile,India,4.0,2,0,0.0
10196,EXP101,Control,2026-01-31,Desktop,UK,2.0,2,0,0.0
10197,EXP102,Treatment,2026-02-19,Tablet,India,6.0,1,0,0.0
10198,EXP101,Treatment,2026-01-20,Mobile,India,3.0,3,1,1147.29
10199,EXP102,Treatment,2026-01-12,Desktop,USA,2.0,1,0,0.0
10200,EXP102,Treatment,2026-01-23,Tablet,USA,5.0,1,0,0.0
10201,EXP101,Treatment,2026-01-04,Desktop,India,6.0,4,0,0.0
10202,EXP101,Control,2026-01-23,Mobile,India,5.0,4,0,0.0
10203,EXP101,Control,2026-02-17,Mobile,India,6.0,1,0,0.0
10204,EXP101,Treatment,2026-02-24,Desktop,USA,7.0,3,0,0.0
10205,EXP102,Treatment,2026-02-17,Mobile,USA,5.0,4,0,0.0
10206,EXP101,Control,2026-01-01,Desktop,India,2.0,1,0,0.0
10207,EXP102,Control,2026-02-23,Tablet,UK,6.0,1,0,0.0
10208,EXP101,Treatment,2026-01-25,Tablet,UK,6.0,1,0,0.0
10209,EXP101,Control,2026-01-02,Mobile,USA,4.0,1,0,0.0
10210,EXP102,Control,2026-01-30,Mobile,UK,4.0,1,0,0.0
10211,EXP102,Treatment,2026-01-03,Tablet,India,1.0,1,0,0.0
10212,EXP101,Treatment,2026-02-27,Desktop,India,5.0,4,0,0.0
10213,EXP102,Treatment,2026-01-21,Mobile,India,4.0,3,0,0.0
10214,EXP102,Control,2026-01-25,Tablet,India,1.0,1,0,0.0
10215,EXP102,Treatment,2026-01-20,Desktop,India,7.0,2,0,0.0
10216,EXP102,Control,2026-02-18,Mobile,Canada,7.0,4,0,0.0
10217,EXP102,Control,2026-02-21,Mobile,India,4.0,4,0,0.0
10218,EXP102,Treatment,2026-01-22,Mobile,India,5.0,1,0,0.0
10219,EXP102,Treatment,2026-01-21,Mobile,India,6.0,4,0,0.0
10220,EXP102,Treatment,2026-02-02,Mobile,Canada,3.0,1,0,0.0
10221,EXP101,Treatment,2026-02-21,Desktop,India,5.0,3,1,1138.67
10222,EXP102,Treatment,2026-02-07,Mobile,India,2.0,3,0,0.0
10223,EXP101,Control,2026-01-15,Mobile,India,7.0,4,0,0.0
10224,EXP102,Control,2026-02-27,Mobile,India,4.0,4,1,1843.67
10225,EXP102,Control,2026-02-27,Mobile,Canada,4.0,2,0,0.0
10226,EXP102,Control,2026-02-15,Tablet,Canada,6.0,4,0,0.0
10227,EXP102,Treatment,2026-02-21,Mobile,India,2.0,2,0,0.0
10228,EXP101,Control,2026-01-15,Mobile,Canada,6.0,3,0,0.0
10229,EXP101,Treatment,2026-02-15,Desktop,USA,2.0,3,0,0.0
10230,EXP102,Treatment,2026-01-25,Mobile,UK,3.0,1,0,0.0
10231,EXP101,Treatment,2026-01-21,Mobile,India,7.0,3,0,0.0
10232,EXP102,Treatment,2026-01-24,Mobile,India,4.0,2,0,0.0
10233,EXP102,Treatment,2026-02-26,Mobile,India,4.0,4,0,0.0
10234,EXP101,Control,2026-02-27,Mobile,USA,3.0,1,0,0.0
10235,EXP101,Control,2026-01-05,Mobile,India,1.0,2,0,0.0
10236,EXP102,Treatment,2026-01-06,Mobile,India,7.0,4,0,0.0
10237,EXP102,Control,2026-02-18,Tablet,India,6.0,1,0,0.0
10238,EXP101,Control,2026-02-12,Mobile,USA,3.0,3,1,1313.99
10239,EXP102,Treatment,2026-02-17,Mobile,India,6.0,2,0,0.0
10240,EXP101,Control,2026-02-13,Desktop,USA,5.0,4,0,0.0
10241,EXP102,Treatment,2026-02-16,Mobile,Canada,4.0,1,1,1689.88
10242,EXP102,Treatment,2026-01-23,Desktop,India,6.0,1,0,0.0
10243,EXP101,Treatment,2026-01-04,Mobile,USA,2.0,3,0,0.0
10244,EXP101,Control,2026-01-27,Tablet,India,6.0,4,0,0.0
10245,EXP101,Control,2026-01-18,Mobile,UK,5.0,3,1,296.57
10246,EXP102,Treatment,2026-01-21,Mobile,India,7.0,3,0,0.0
10247,EXP102,Control,2026-01-28,Mobile,USA,4.0,4,0,0.0
10248,EXP102,Treatment,2026-02-04,Tablet,UK,3.0,4,1,1909.09
10249,EXP102,Treatment,2026-01-22,Mobile,Canada,5.0,4,0,0.0
10250,EXP101,Treatment,2026-02-09,Mobile,USA,4.0,2,0,0.0
10251,EXP102,Control,2026-01-23,Mobile,India,6.0,4,0,0.0
10252,EXP102,Control,2026-01-03,Desktop,USA,7.0,1,0,0.0
10253,EXP102,Treatment,2026-02-09,Mobile,UK,1.0,3,0,0.0
10254,EXP101,Control,2026-02-19,Desktop,USA,7.0,2,0,0.0
10255,EXP102,Control,2026-01-10,Mobile,India,1.0,4,0,0.0
10256,EXP102,Treatment,2026-01-25,Mobile,Canada,2.0,2,0,0.0
10257,EXP101,Treatment,2026-02-21,Mobile,USA,7.0,4,0,0.0
10258,EXP102,Treatment,2026-02-18,Mobile,USA,4.0,2,0,0.0
10259,EXP102,Treatment,2026-01-08,Mobile,India,1.0,3,0,0.0
10260,EXP101,Control,2026-02-24,Mobile,USA,3.0,3,0,0.0
10261,EXP102,Treatment,2026-01-11,Desktop,India,4.0,1,0,0.0
10262,EXP102,Treatment,2026-01-05,Mobile,USA,3.0,1,0,0.0
10263,EXP102,Control,2026-02-27,Mobile,India,7.0,4,0,0.0
10264,EXP101,Treatment,2026-02-14,Mobile,USA,3.0,3,0,0.0
10265,EXP102,Treatment,2026-02-22,Mobile,Canada,1.0,2,0,0.0
10266,EXP102,Treatment,2026-02-24,Mobile,India,4.0,2,0,0.0
10267,EXP101,Treatment,2026-02-06,Mobile,Canada,6.0,2,0,0.0
10268,EXP101,Treatment,2026-02-25,Mobile,India,5.0,1,0,0.0
10269,EXP102,Control,2026-02-28,Desktop,UK,1.0,2,0,0.0
10270,EXP102,Control,2026-02-14,Tablet,UK,1.0,1,0,0.0
10271,EXP102,Treatment,2026-02-07,Mobile,USA,6.0,1,0,0.0
10272,EXP102,Treatment,2026-01-29,Mobile,USA,4.0,4,1,1653.57
10273,EXP101,Treatment,2026-01-05,Desktop,UK,4.0,2,0,0.0
10274,EXP102,Treatment,2026-01-09,Mobile,India,7.0,2,0,0.0
10275,EXP101,Treatment,2026-02-28,Mobile,India,3.0,3,0,0.0
10276,EXP101,Treatment,2026-02-17,Mobile,USA,7.0,4,0,0.0
10277,EXP102,Treatment,2026-01-02,Desktop,UK,6.0,3,0,0.0
10278,EXP102,Treatment,2026-01-01,Desktop,UK,7.0,4,0,0.0
10279,EXP101,Treatment,2026-02-09,Mobile,UK,6.0,2,0,0.0
10280,EXP101,Treatment,2026-03-01,Mobile,India,4.0,1,1,1005.47
10281,EXP102,Treatment,2026-02-20,Mobile,UK,3.0,1,0,0.0
10282,EXP101,Control,2026-01-30,Desktop,India,7.0,1,1,1944.55
10283,EXP102,Control,2026-01-11,Mobile,India,1.0,1,0,0.0
10284,EXP102,Control,2026-01-28,Mobile,India,2.0,1,0,0.0
10285,EXP101,Treatment,2026-02-13,Desktop,India,5.0,3,0,0.0
10286,EXP101,Control,2026-01-12,Mobile,India,1.0,4,0,0.0
10287,EXP102,Control,2026-02-08,Desktop,India,4.0,2,0,0.0
10288,EXP101,Treatment,2026-01-26,Mobile,USA,5.0,3,1,998.01
10289,EXP102,Control,2026-01-13,Mobile,India,2.0,4,0,0.0
10290,EXP102,Treatment,2026-02-28,Mobile,India,2.0,1,0,0.0
10291,EXP102,Control,2026-01-08,Desktop,India,3.0,4,0,0.0
10292,EXP101,Control,2026-02-23,Desktop,India,5.0,4,0,0.0
10293,EXP102,Treatment,2026-01-28,Desktop,India,3.0,1,0,0.0
10294,EXP102,Control,2026-02-27,Mobile,India,1.0,1,0,0.0
10295,EXP102,Control,2026-01-30,Desktop,USA,6.0,1,0,0.0
10296,EXP102,Treatment,2026-01-09,Mobile,USA,6.0,2,0,0.0
10297,EXP102,Treatment,2026-02-08,Mobile,USA,6.0,1,0,0.0
10298,EXP102,Control,2026-01-31,Desktop,India,5.0,2,0,0.0
10299,EXP102,Treatment,2026-02-27,Mobile,India,6.0,1,0,0.0
10300,EXP102,Control,2026-01-21,Mobile,UK,1.0,2,0,0.0
10301,EXP102,Control,2026-02-25,Mobile,India,3.0,4,0,0.0
10302,EXP102,Treatment,2026-02-16,Mobile,India,5.0,3,1,1553.56
10303,EXP102,Treatment,2026-02-03,Mobile,India,3.0,4,0,0.0
10304,EXP101,Treatment,2026-02-24,Mobile,India,5.0,4,1,1579.47
10305,EXP102,Treatment,2026-01-31,Mobile,India,3.0,1,0,0.0
10306,EXP102,Treatment,2026-02-21,Desktop,India,2.0,2,0,0.0
10307,EXP102,Treatment,2026-01-25,Desktop,USA,3.0,3,0,0.0
10308,EXP101,Control,2026-01-12,Mobile,India,6.0,1,1,1915.23
10309,EXP102,Treatment,2026-01-01,Mobile,USA,2.0,1,0,0.0
10310,EXP101,Control,2026-02-24,Mobile,UK,3.0,1,0,0.0
10311,EXP102,Control,2026-01-22,Mobile,UK,5.0,4,0,0.0
10312,EXP102,Control,2026-02-09,Mobile,USA,5.0,2,0,0.0
10313,EXP101,Control,2026-02-06,Desktop,Canada,5.0,2,0,0.0
10314,EXP102,Treatment,2026-02-16,Mobile,India,4.0,3,0,0.0
10315,EXP101,Treatment,2026-01-01,Mobile,India,1.0,2,1,1191.5
10316,EXP101,Treatment,2026-01-01,Mobile,India,5.0,2,0,0.0
10317,EXP102,Control,2026-02-26,Mobile,USA,2.0,1,0,0.0
10318,EXP102,Control,2026-02-11,Tablet,UK,5.0,1,0,0.0
10319,EXP102,Control,2026-02-23,Desktop,India,4.0,4,0,0.0
10320,EXP102,Control,2026-02-11,Mobile,Canada,6.0,1,0,0.0
10321,EXP101,Treatment,2026-01-21,Desktop,India,2.0,1,0,0.0
10322,EXP101,Treatment,2026-01-15,Mobile,Canada,4.0,1,0,0.0
10323,EXP102,Treatment,2026-01-17,Desktop,India,6.0,1,1,1265.16
10324,EXP101,Control,2026-01-22,Desktop,India,7.0,4,1,840.45
10325,EXP101,Treatment,2026-02-07,Mobile,India,7.0,1,0,0.0
10326,EXP102,Treatment,2026-02-04,Mobile,India,2.0,3,1,2094.67
10327,EXP101,Treatment,2026-02-14,Mobile,India,3.0,3,0,0.0
10328,EXP101,Treatment,2026-01-16,Mobile,India,1.0,3,0,0.0
10329,EXP102,Control,2026-01-08,Desktop,UK,1.0,3,0,0.0
10330,EXP101,Control,2026-02-16,Mobile,India,4.0,1,0,0.0
10331,EXP102,Control,2026-01-17,Mobile,India,6.0,3,0,0.0
10332,EXP101,Treatment,2026-01-17,Desktop,USA,1.0,1,0,0.0
10333,EXP102,Control,2026-02-23,Tablet,USA,6.0,4,0,0.0
10334,EXP101,Control,2026-01-26,Mobile,India,6.0,3,0,0.0
10335,EXP101,Control,2026-01-13,Mobile,India,4.0,2,0,0.0
10336,EXP102,Control,2026-01-17,Mobile,India,4.0,3,0,0.0
10337,EXP102,Treatment,2026-02-07,Mobile,India,4.0,3,1,1267.18
10338,EXP102,Treatment,2026-01-17,Tablet,USA,1.0,1,0,0.0
10339,EXP102,Control,2026-02-17,Mobile,India,7.0,3,0,0.0
10340,EXP101,Control,2026-01-14,Mobile,India,4.0,2,0,0.0
10341,EXP101,Control,2026-02-14,Mobile,USA,1.0,1,0,0.0
10342,EXP101,Control,2026-01-06,Mobile,India,4.0,1,0,0.0
10343,EXP102,Control,2026-02-04,Desktop,USA,5.0,4,0,0.0
10344,EXP101,Control,2026-02-15,Desktop,India,6.0,4,0,0.0
10345,EXP101,Control,2026-01-14,Mobile,Canada,4.0,3,1,1186.67
10346,EXP102,Treatment,2026-02-16,Mobile,India,2.0,4,0,0.0
10347,EXP102,Treatment,2026-01-08,Mobile,UK,6.0,4,0,0.0
10348,EXP101,Control,2026-01-15,Tablet,USA,6.0,4,0,0.0
10349,EXP102,Control,2026-02-23,Desktop,India,4.0,1,1,1203.77
10350,EXP101,Treatment,2026-01-27,Mobile,USA,7.0,1,0,0.0
10351,EXP101,Treatment,2026-01-13,Desktop,Canada,3.0,1,0,0.0
10352,EXP102,Treatment,2026-02-18,Desktop,USA,7.0,4,0,0.0
10353,EXP101,Treatment,2026-01-31,Mobile,UK,4.0,1,0,0.0
10354,EXP102,Control,2026-02-22,Tablet,UK,6.0,4,0,0.0
10355,EXP102,Control,2026-02-25,Mobile,India,2.0,1,0,0.0
10356,EXP101,Treatment,2026-02-04,Mobile,India,6.0,1,0,0.0
10357,EXP101,Control,2026-03-01,Mobile,USA,7.0,2,0,0.0
10358,EXP101,Treatment,2026-01-06,Mobile,India,2.0,3,0,0.0
10359,EXP102,Treatment,2026-01-05,Mobile,UK,1.0,4,1,2043.1
10360,EXP101,Treatment,2026-01-22,Desktop,Canada,5.0,2,1,1750.8
10361,EXP102,Control,2026-02-27,Mobile,India,6.0,1,0,0.0
10362,EXP102,Treatment,2026-02-18,Desktop,India,4.0,4,0,0.0
10363,EXP101,Control,2026-01-23,Mobile,UK,1.0,1,0,0.0
10364,EXP102,Treatment,2026-01-25,Mobile,India,5.0,3,0,0.0
10365,EXP101,Treatment,2026-02-03,Mobile,UK,4.0,2,0,0.0
10366,EXP101,Control,2026-01-26,Mobile,India,3.0,3,0,0.0
10367,EXP101,Treatment,2026-02-16,Desktop,USA,4.0,2,0,0.0
10368,EXP101,Treatment,2026-01-05,Mobile,India,2.0,1,1,2153.11
10369,EXP101,Control,2026-01-26,Mobile,USA,2.0,3,0,0.0
10370,EXP101,Control,2026-01-20,Mobile,India,3.0,3,0,0.0
10371,EXP101,Control,2026-01-06,Desktop,USA,1.0,1,0,0.0
10372,EXP102,Control,2026-01-06,Tablet,India,5.0,3,0,0.0
10373,EXP101,Control,2026-02-28,Desktop,USA,4.0,4,0,0.0
10374,EXP102,Treatment,2026-02-19,Mobile,UK,2.0,2,0,0.0
10375,EXP102,Control,2026-01-18,Mobile,India,1.0,2,0,0.0
10376,EXP102,Control,2026-01-04,Mobile,India,3.0,2,0,0.0
10377,EXP101,Treatment,2026-01-17,Mobile,India,7.0,4,0,0.0
10378,EXP102,Control,2026-02-26,Mobile,USA,6.0,2,0,0.0
10379,EXP102,Treatment,2026-01-14,Mobile,USA,7.0,1,0,0.0
10380,EXP101,Control,2026-01-14,Mobile,India,7.0,3,0,0.0
10381,EXP101,Control,2026-01-13,Mobile,India,2.0,4,0,0.0
10382,EXP102,Treatment,2026-01-07,Desktop,India,3.0,2,0,0.0
10383,EXP101,Treatment,2026-02-13,Mobile,USA,4.0,1,0,0.0
10384,EXP101,Treatment,2026-02-24,Mobile,India,7.0,3,0,0.0
10385,EXP101,Treatment,2026-01-15,Desktop,Canada,7.0,3,1,359.46
10386,EXP101,Treatment,2026-01-19,Mobile,India,5.0,4,0,0.0
10387,EXP102,Control,2026-02-12,Desktop,USA,2.0,4,1,1885.91
10388,EXP101,Control,2026-02-16,Mobile,India,2.0,4,0,0.0
10389,EXP101,Treatment,2026-02-13,Mobile,India,4.0,1,1,518.4
10390,EXP101,Treatment,2026-02-04,Desktop,USA,6.0,1,1,1531.33
10391,EXP102,Treatment,2026-01-17,Desktop,USA,1.0,4,0,0.0
10392,EXP102,Control,2026-02-04,Desktop,Canada,5.0,2,0,0.0
10393,EXP101,Control,2026-01-19,Mobile,India,2.0,3,0,0.0
10394,EXP101,Treatment,2026-01-20,Mobile,India,5.0,3,0,0.0
10395,EXP102,Control,2026-02-05,Mobile,USA,2.0,1,0,0.0
10396,EXP101,Treatment,2026-02-04,Mobile,USA,5.0,3,0,0.0
10397,EXP101,Treatment,2026-02-01,Tablet,India,3.0,2,0,0.0
10398,EXP102,Control,2026-02-27,Mobile,India,7.0,3,0,0.0
10399,EXP101,Treatment,2026-02-17,Tablet,India,2.0,1,0,0.0
10400,EXP101,Treatment,2026-02-13,Mobile,UK,5.0,1,0,0.0
10401,EXP102,Control,2026-02-09,Mobile,India,1.0,2,1,1260.68
10402,EXP102,Treatment,2026-01-24,Mobile,India,3.0,2,0,0.0
10403,EXP101,Treatment,2026-01-17,Desktop,India,3.0,3,0,0.0
10404,EXP102,Treatment,2026-01-07,Desktop,India,1.0,3,0,0.0
10405,EXP101,Control,2026-02-12,Desktop,India,5.0,1,0,0.0
10406,EXP101,Treatment,2026-02-19,Desktop,India,4.0,2,1,1033.59
10407,EXP101,Control,2026-01-01,Desktop,India,1.0,2,0,0.0
10408,EXP102,Control,2026-02-04,Desktop,UK,5.0,2,1,453.15
10409,EXP102,Treatment,2026-02-01,Mobile,India,1.0,3,0,0.0
10410,EXP101,Control,2026-02-05,Mobile,India,1.0,2,0,0.0
10411,EXP101,Control,2026-01-13,Mobile,UK,2.0,1,0,0.0
10412,EXP102,Treatment,2026-01-06,Tablet,USA,5.0,1,0,0.0
10413,EXP102,Treatment,2026-02-27,Tablet,India,4.0,3,1,2440.77
10414,EXP102,Treatment,2026-01-14,Mobile,India,7.0,4,0,0.0
10415,EXP101,Treatment,2026-02-06,Desktop,India,2.0,3,0,0.0
10416,EXP102,Control,2026-02-17,Tablet,USA,1.0,4,0,0.0
10417,EXP102,Control,2026-01-15,Mobile,Canada,7.0,2,0,0.0
10418,EXP101,Control,2026-02-16,Mobile,USA,6.0,3,0,0.0
10419,EXP101,Treatment,2026-01-04,Tablet,USA,7.0,1,0,0.0
10420,EXP101,Treatment,2026-02-09,Mobile,USA,1.0,2,0,0.0
10421,EXP102,Treatment,2026-02-28,Desktop,India,1.0,1,0,0.0
10422,EXP101,Treatment,2026-01-16,Mobile,India,5.0,2,0,0.0
10423,EXP101,Control,2026-01-28,Tablet,USA,5.0,3,0,0.0
10424,EXP101,Control,2026-01-16,Tablet,Canada,2.0,4,0,0.0
10425,EXP101,Control,2026-01-04,Tablet,India,4.0,2,1,1776.41
10426,EXP102,Treatment,2026-02-14,Mobile,USA,2.0,4,0,0.0
10427,EXP101,Control,2026-01-26,Desktop,India,3.0,2,0,0.0
10428,EXP102,Treatment,2026-01-28,Desktop,India,1.0,1,0,0.0
10429,EXP102,Control,2026-02-01,Mobile,India,7.0,1,0,0.0
10430,EXP102,Control,2026-02-14,Desktop,India,6.0,2,0,0.0
10431,EXP101,Control,2026-01-02,Mobile,UK,1.0,4,0,0.0
10432,EXP102,Treatment,2026-01-31,Mobile,India,1.0,3,0,0.0
10433,EXP101,Treatment,2026-01-03,Mobile,USA,2.0,3,0,0.0
10434,EXP101,Control,2026-02-23,Mobile,UK,6.0,1,0,0.0
10435,EXP101,Control,2026-01-08,Mobile,Canada,6.0,3,0,0.0
10436,EXP102,Treatment,2026-01-24,Desktop,India,6.0,1,0,0.0
10437,EXP101,Control,2026-01-15,Mobile,India,2.0,3,0,0.0
10438,EXP101,Treatment,2026-02-12,Desktop,India,1.0,2,0,0.0
10439,EXP101,Treatment,2026-01-31,Mobile,Canada,2.0,1,0,0.0
10440,EXP102,Control,2026-01-09,Mobile,Canada,5.0,1,0,0.0
10441,EXP102,Control,2026-02-08,Mobile,India,5.0,2,0,0.0
10442,EXP102,Treatment,2026-02-14,Desktop,UK,2.0,1,0,0.0
10443,EXP101,Control,2026-01-02,Mobile,India,6.0,3,0,0.0
10444,EXP102,Control,2026-01-08,Desktop,USA,1.0,3,0,0.0
10445,EXP101,Treatment,2026-01-07,Desktop,India,2.0,1,0,0.0
10446,EXP101,Treatment,2026-02-25,Desktop,UK,2.0,3,0,0.0
10447,EXP102,Treatment,2026-02-13,Mobile,India,2.0,4,0,0.0
10448,EXP101,Treatment,2026-02-20,Mobile,UK,3.0,1,0,0.0
10449,EXP102,Control,2026-02-08,Desktop,UK,5.0,2,0,0.0
10450,EXP101,Control,2026-02-11,Mobile,USA,7.0,4,0,0.0
10451,EXP102,Treatment,2026-02-26,Desktop,India,6.0,1,0,0.0
10452,EXP101,Treatment,2026-01-16,Mobile,India,4.0,2,0,0.0
10453,EXP101,Control,2026-02-04,Tablet,India,7.0,3,1,1063.51
10454,EXP101,Treatment,2026-01-30,Desktop,India,6.0,2,0,0.0
10455,EXP101,Control,2026-01-10,Tablet,India,4.0,4,0,0.0
10456,EXP101,Control,2026-02-07,Mobile,Canada,3.0,3,0,0.0
10457,EXP102,Control,2026-01-18,Desktop,USA,2.0,1,0,0.0
10458,EXP101,Control,2026-02-19,Mobile,India,3.0,3,0,0.0
10459,EXP102,Control,2026-01-05,Mobile,India,3.0,1,0,0.0
10460,EXP102,Control,2026-02-22,Desktop,India,7.0,1,0,0.0
10461,EXP102,Control,2026-01-29,Desktop,USA,1.0,2,0,0.0
10462,EXP101,Treatment,2026-02-08,Tablet,India,7.0,2,0,0.0
10463,EXP101,Treatment,2026-03-01,Desktop,Canada,5.0,2,0,0.0
10464,EXP101,Treatment,2026-02-03,Mobile,India,4.0,4,0,0.0
10465,EXP102,Treatment,2026-02-12,Mobile,Canada,2.0,4,1,999.27
10466,EXP101,Control,2026-02-14,Desktop,UK,7.0,2,0,0.0
10467,EXP101,Control,2026-01-23,Mobile,India,4.0,4,0,0.0
10468,EXP102,Treatment,2026-01-05,Mobile,Canada,6.0,3,0,0.0
10469,EXP102,Control,2026-01-30,Mobile,India,4.0,3,0,0.0
10470,EXP102,Treatment,2026-01-06,Mobile,UK,6.0,4,0,0.0
10471,EXP102,Control,2026-02-25,Mobile,India,7.0,4,0,0.0
10472,EXP102,Treatment,2026-02-27,Mobile,UK,5.0,3,0,0.0
10473,EXP102,Control,2026-02-15,Mobile,UK,7.0,1,0,0.0
10474,EXP101,Treatment,2026-02-13,Mobile,UK,6.0,3,1,586.67
10475,EXP102,Treatment,2026-01-04,Tablet,UK,4.0,3,0,0.0
10476,EXP101,Treatment,2026-01-29,Mobile,India,4.0,4,0,0.0
10477,EXP101,Control,2026-01-23,Mobile,India,6.0,3,0,0.0
10478,EXP101,Treatment,2026-01-06,Desktop,India,3.0,4,0,0.0
10479,EXP102,Treatment,2026-02-01,Mobile,India,5.0,4,0,0.0
10480,EXP101,Treatment,2026-02-11,Tablet,USA,1.0,2,1,1418.73
10481,EXP102,Treatment,2026-01-18,Desktop,India,2.0,3,0,0.0
10482,EXP102,Treatment,2026-01-15,Mobile,Canada,4.0,1,0,0.0
10483,EXP101,Control,2026-02-09,Mobile,USA,2.0,2,0,0.0
10484,EXP102,Treatment,2026-02-27,Desktop,UK,1.0,4,0,0.0
10485,EXP101,Treatment,2026-02-01,Tablet,India,7.0,4,0,0.0
10486,EXP101,Treatment,2026-01-09,Mobile,UK,2.0,1,0,0.0
10487,EXP102,Control,2026-02-06,Desktop,Canada,1.0,4,0,0.0
10488,EXP101,Control,2026-01-10,Mobile,India,6.0,3,0,0.0
10489,EXP101,Treatment,2026-01-20,Tablet,USA,3.0,2,0,0.0
10490,EXP101,Treatment,2026-01-06,Mobile,UK,4.0,4,0,0.0
10491,EXP102,Control,2026-02-17,Tablet,India,1.0,4,0,0.0
10492,EXP101,Treatment,2026-02-25,Desktop,India,2.0,1,0,0.0
10493,EXP102,Control,2026-02-28,Desktop,India,4.0,3,0,0.0
10494,EXP102,Control,2026-01-03,Mobile,India,3.0,4,0,0.0
10495,EXP101,Control,2026-02-11,Mobile,India,6.0,1,0,0.0
10496,EXP101,Control,2026-01-11,Mobile,India,7.0,4,1,2265.95
10497,EXP102,Treatment,2026-02-12,Mobile,India,4.0,1,0,0.0
10498,EXP102,Control,2026-01-17,Mobile,India,7.0,1,0,0.0
10499,EXP101,Treatment,2026-02-01,Desktop,Canada,1.0,3,0,0.0
10500,EXP101,Treatment,2026-01-04,Mobile,India,3.0,4,0,0.0
10501,EXP102,Treatment,2026-01-04,Mobile,Canada,2.0,3,0,0.0
10502,EXP102,Treatment,2026-01-17,Tablet,India,3.0,1,0,0.0
10503,EXP102,Control,2026-02-10,Desktop,India,3.0,2,1,1825.35
10504,EXP102,Treatment,2026-01-19,Tablet,India,5.0,4,0,0.0
10505,EXP102,Treatment,2026-01-05,Tablet,India,3.0,2,0,0.0
10506,EXP101,Control,2026-02-01,Mobile,India,3.0,4,0,0.0
10507,EXP102,Treatment,2026-01-22,Mobile,USA,4.0,3,0,0.0
10508,EXP102,Treatment,2026-02-25,Desktop,India,2.0,3,0,0.0
10509,EXP101,Treatment,2026-01-06,Desktop,USA,4.0,3,0,0.0
10510,EXP101,Treatment,2026-02-04,Mobile,USA,4.0,3,0,0.0
10511,EXP102,Treatment,2026-01-22,Desktop,India,1.0,3,0,0.0
10512,EXP102,Control,2026-01-01,Mobile,India,4.0,2,0,0.0
10513,EXP101,Treatment,2026-01-20,Mobile,UK,5.0,3,0,0.0
10514,EXP102,Treatment,2026-01-22,Mobile,India,5.0,1,0,0.0
10515,EXP102,Control,2026-02-17,Mobile,India,7.0,1,0,0.0
10516,EXP101,Control,2026-02-24,Mobile,Canada,1.0,2,0,0.0
10517,EXP102,Control,2026-01-11,Mobile,India,7.0,4,0,0.0
10518,EXP101,Treatment,2026-01-13,Desktop,USA,7.0,1,0,0.0
10519,EXP101,Treatment,2026-02-28,Mobile,Canada,6.0,4,0,0.0
10520,EXP101,Control,2026-02-11,Mobile,India,2.0,2,0,0.0
10521,EXP101,Treatment,2026-01-03,Desktop,India,2.0,4,0,0.0
10522,EXP102,Control,2026-01-09,Tablet,India,4.0,4,0,0.0
10523,EXP101,Treatment,2026-03-01,Desktop,India,4.0,4,0,0.0
10524,EXP102,Treatment,2026-01-12,Desktop,India,6.0,4,0,0.0
10525,EXP102,Treatment,2026-01-23,Desktop,USA,4.0,2,0,0.0
10526,EXP102,Control,2026-01-14,Mobile,India,2.0,1,0,0.0
10527,EXP102,Control,2026-02-02,Mobile,India,7.0,3,0,0.0
10528,EXP102,Control,2026-01-18,Mobile,Canada,3.0,4,1,1959.87
10529,EXP101,Control,2026-02-18,Mobile,UK,5.0,1,0,0.0
10530,EXP101,Treatment,2026-02-28,Mobile,USA,3.0,1,0,0.0
10531,EXP101,Treatment,2026-02-10,Desktop,India,3.0,2,0,0.0
10532,EXP101,Treatment,2026-01-09,Mobile,USA,2.0,1,0,0.0
10533,EXP102,Treatment,2026-01-23,Mobile,India,3.0,2,0,0.0
10534,EXP101,Treatment,2026-01-10,Mobile,India,6.0,4,0,0.0
10535,EXP102,Treatment,2026-01-19,Desktop,India,1.0,4,0,0.0
10536,EXP102,Treatment,2026-02-16,Mobile,UK,4.0,3,0,0.0
10537,EXP101,Treatment,2026-01-05,Desktop,India,1.0,3,0,0.0
10538,EXP101,Control,2026-02-16,Mobile,India,7.0,3,0,0.0
10539,EXP101,Control,2026-02-21,Mobile,India,5.0,1,0,0.0
10540,EXP101,Control,2026-01-23,Mobile,India,4.0,4,0,0.0
10541,EXP102,Treatment,2026-01-30,Desktop,UK,3.0,2,0,0.0
10542,EXP102,Treatment,2026-01-25,Mobile,USA,5.0,3,0,0.0
10543,EXP101,Control,2026-01-28,Desktop,UK,4.0,2,0,0.0
10544,EXP102,Treatment,2026-02-03,Mobile,India,6.0,2,0,0.0
10545,EXP102,Treatment,2026-02-14,Mobile,India,6.0,3,1,2081.07
10546,EXP102,Control,2026-02-25,Desktop,India,6.0,4,0,0.0
10547,EXP101,Control,2026-02-17,Desktop,India,6.0,3,1,1893.35
10548,EXP102,Treatment,2026-02-16,Desktop,India,3.0,2,0,0.0
10549,EXP101,Treatment,2026-01-25,Desktop,UK,1.0,3,1,2200.09
10550,EXP101,Treatment,2026-01-10,Desktop,India,4.0,2,0,0.0
10551,EXP102,Treatment,2026-01-14,Desktop,India,3.0,2,0,0.0
10552,EXP102,Treatment,2026-02-11,Desktop,India,6.0,3,0,0.0
10553,EXP101,Treatment,2026-02-26,Desktop,India,7.0,1,0,0.0
10554,EXP102,Treatment,2026-02-15,Desktop,India,1.0,3,0,0.0
10555,EXP102,Treatment,2026-02-27,Desktop,Canada,7.0,1,0,0.0
10556,EXP101,Control,2026-01-30,Desktop,UK,5.0,2,0,0.0
10557,EXP101,Control,2026-02-24,Mobile,Canada,7.0,2,0,0.0
10558,EXP101,Control,2026-02-10,Desktop,India,5.0,1,1,2164.8
10559,EXP101,Treatment,2026-01-25,Desktop,India,5.0,2,0,0.0
10560,EXP102,Treatment,2026-01-14,Mobile,India,6.0,1,1,1135.08
10561,EXP102,Treatment,2026-02-04,Desktop,India,5.0,1,0,0.0
10562,EXP101,Control,2026-02-21,Mobile,UK,2.0,2,0,0.0
10563,EXP101,Control,2026-02-17,Mobile,India,4.0,4,0,0.0
10564,EXP101,Control,2026-02-03,Desktop,India,4.0,1,0,0.0
10565,EXP102,Control,2026-01-10,Mobile,India,6.0,3,0,0.0
10566,EXP101,Treatment,2026-02-04,Desktop,India,2.0,3,0,0.0
10567,EXP102,Control,2026-01-11,Desktop,USA,7.0,2,0,0.0
10568,EXP101,Control,2026-01-11,Mobile,India,3.0,4,0,0.0
10569,EXP101,Treatment,2026-01-21,Mobile,India,7.0,2,1,2256.17
10570,EXP101,Control,2026-01-21,Mobile,India,3.0,4,0,0.0
10571,EXP102,Treatment,2026-01-22,Desktop,India,5.0,1,1,1877.77
10572,EXP102,Treatment,2026-02-14,Tablet,UK,1.0,1,0,0.0
10573,EXP102,Control,2026-01-07,Desktop,UK,3.0,1,0,0.0
10574,EXP101,Treatment,2026-02-24,Mobile,Canada,1.0,1,0,0.0
10575,EXP102,Treatment,2026-01-17,Desktop,UK,4.0,3,0,0.0
10576,EXP102,Treatment,2026-01-02,Mobile,India,1.0,3,0,0.0
10577,EXP101,Control,2026-01-12,Desktop,USA,4.0,2,0,0.0
10578,EXP101,Treatment,2026-02-26,Mobile,India,2.0,4,0,0.0
10579,EXP102,Control,2026-02-11,Desktop,India,2.0,1,0,0.0
10580,EXP102,Control,2026-01-18,Mobile,UK,6.0,1,0,0.0
10581,EXP102,Control,2026-02-23,Tablet,India,6.0,4,1,1634.0
10582,EXP102,Treatment,2026-02-28,Mobile,Canada,5.0,4,0,0.0
10583,EXP101,Control,2026-01-11,Desktop,India,3.0,2,0,0.0
10584,EXP101,Control,2026-01-16,Tablet,USA,5.0,4,0,0.0
10585,EXP101,Treatment,2026-02-18,Mobile,USA,4.0,1,0,0.0
10586,EXP102,Control,2026-02-20,Tablet,UK,5.0,1,0,0.0
10587,EXP102,Control,2026-01-18,Desktop,USA,1.0,1,0,0.0
10588,EXP101,Control,2026-02-04,Mobile,USA,4.0,1,1,658.86
10589,EXP101,Control,2026-02-22,Mobile,India,6.0,1,0,0.0
10590,EXP102,Control,2026-02-28,Desktop,India,2.0,2,1,745.29
10591,EXP102,Control,2026-01-26,Mobile,India,6.0,1,1,2381.56
10592,EXP101,Treatment,2026-01-16,Mobile,USA,3.0,2,0,0.0
10593,EXP101,Control,2026-01-06,Mobile,India,4.0,1,0,0.0
10594,EXP101,Control,2026-02-26,Desktop,USA,4.0,3,1,2326.4
10595,EXP102,Treatment,2026-02-13,Mobile,India,1.0,3,0,0.0
10596,EXP102,Control,2026-02-12,Desktop,India,3.0,3,0,0.0
10597,EXP102,Treatment,2026-02-16,Tablet,USA,2.0,3,1,214.8
10598,EXP102,Control,2026-02-16,Tablet,India,7.0,2,0,0.0
10599,EXP102,Control,2026-02-17,Desktop,India,4.0,2,0,0.0
10600,EXP102,Control,2026-02-11,Mobile,India,4.0,4,0,0.0
